Volume,Prim_X_Copy,Prim_Y_Copy,Prim_Length,Prim_Breadth,Prim_Height,Sec_Length,Sec_Breadth,Sec_Height,Prim_Flap,Prim_Cal,Prim_E1,Prim_E2,Headspace,Sec_Flap,Sec_Caliper,Sec_E1,Sec_E2,TopLoad
117.96875,2,3,6.25,2,9.4375,12.5,6,9.4375,2,18,5029.933,1050,0.75,2,3.6,428,347,479.9175441
258.9743059,2,3,7.656,2.64,12.813,15.312,7.92,12.813,2,18,5029.933,1050,0.75,2,3.6,428,347,495.9400701
386.802,2,3,9.5,3.016,13.5,19,9.048,13.5,1,18,5029.933,1050,0.75,1,3.6,428,347,567.657544
117.96875,2,4,6.25,2,9.4375,12.5,8,9.4375,1,18,5029.933,1050,0.75,1,3.6,428,347,496.8129613
258.9743059,2,4,7.656,2.64,12.813,15.312,10.56,12.813,1,18,5029.933,1050,0.75,1,3.6,428,347,595.2201921
386.802,2,4,9.5,3.016,13.5,19,12.064,13.5,1,18,5029.933,1050,0.75,1,3.6,428,347,648.4936682
117.96875,2,5,6.25,2,9.4375,12.5,10,9.4375,1,18,5029.933,1050,0.75,1,3.6,428,347,623.1226883
258.9743059,2,5,7.656,2.64,12.813,15.312,13.2,12.813,1,18,5029.933,1050,0.75,1,3.6,428,347,713.1665413
